VTG_TRACK,VTG_SPD,DATATIME,DBS,WLPT,WTP,WLST,measurement_val,QF,STATUS,measurement_val,QF,STATUS,measurement_val,QF,STATUS,measurement_val,QF,STATUS,measurement_val,QF,STATUS,measurement_val,QF,STATUS,measurement_val,QF,STATUS,measurement_val,QF,STATUS,measurement_val,QF,STATUS,measurement_val,QF,STATUS,measurement_val,QF,STATUS,measurement_val,QF,STATUS,measurement_val,QF,STATUS,measurement_val,QF,STATUS,measurement_val,QF,STATUS,measurement_val,QF,STATUS,measurement_val,QF,STATUS,measurement_val,QF,STATUS,measurement_val,QF,STATUS,Latitude,Longitude,
217.3,3.17,2017-04-27T13:38:30,483.25,500.00,0.00,500.00,2.31,15,A,1.19,15,V,0.69,15,V,-19.06,15,V,41.19,15,A,3.94,15,A,1.75,15,V,0.75,15,V,-16.44,15,V,6.69,15,A,0.00,15,V,0.00,15,V,6.69,15,V,268.63,12,V,,0,V,,0,V,,0,V,,0,V,15.31,15,A,47.8273133333,-53.60637,
217.5,3.18,2017-04-27T13:38:33,483.19,500.00,0.00,500.00,2.38,15,V,1.19,15,V,0.63,15,V,-19.06,15,V,41.19,15,V,3.88,15,V,1.75,15,V,0.75,15,V,-16.44,15,V,6.69,15,V,0.00,15,V,0.00,15,V,6.69,15,V,268.75,12,V,,0,V,,0,V,,0,V,,0,V,15.38,15,V,47.82729,-53.6063983333,
217.2,3.17,2017-04-27T13:38:35,483.31,500.00,0.00,500.00,2.38,15,V,1.19,15,V,0.63,15,V,-19.06,15,V,41.19,15,V,3.75,15,V,1.75,15,V,0.75,15,V,-16.44,15,V,0.00,1,A,6.69,1,V,0.00,1,V,6.69,1,V,268.81,12,A,,0,V,,0,V,,0,V,,0,V,15.38,15,V,47.8272683333,-53.6064233333,
217.5,3.20,2017-04-27T13:38:37,483.06,500.00,0.00,500.00,2.44,15,A,1.19,15,V,0.63,15,V,-19.06,15,V,41.19,15,V,-16.44,15,A,1.75,15,V,0.75,15,V,3.75,15,V,0.00,15,A,0.00,15,V,6.75,15,V,6.75,15,V,268.81,12,V,,0,V,,0,V,,0,V,,0,V,15.44,15,V,47.8272366667,-53.60646,
217.7,3.18,2017-04-27T13:38:40,483.13,500.00,0.00,500.00,2.44,15,V,1.19,15,V,0.63,15,V,-19.06,15,V,41.19,15,V,-16.44,15,V,1.75,15,V,0.75,15,V,3.69,15,V,0.00,15,V,0.00,15,V,6.75,15,V,6.75,15,V,268.75,12,A,,0,A,,0,V,,0,V,,0,V,15.44,15,V,47.8272116667,-53.60649,
218.0,3.18,2017-04-27T13:38:42,483.19,500.00,0.00,500.00,2.44,15,V,1.19,15,V,0.63,15,V,-19.06,15,V,41.19,15,A,1.56,15,A,0.75,15,V,-16.44,15,V,3.69,15,V,0.00,1,A,6.69,1,V,0.00,1,V,6.69,1,V,268.81,0,A,,0,V,,0,V,,0,V,,0,V,15.44,15,V,47.8271866667,-53.606525,
217.8,3.17,2017-04-27T13:38:44,483.19,500.00,0.00,500.00,-19.06,15,A,1.19,15,V,0.63,15,V,2.44,15,V,41.13,15,V,1.38,15,V,0.75,15,V,-16.44,15,V,3.69,15,V,0.00,0,A,0.00,0,V,6.69,0,V,6.69,0,V,268.88,8,A,,0,V,,0,V,,0,V,,0,V,15.50,15,A,47.8271633333,-53.6065566667,
217.8,3.16,2017-04-27T13:38:47,483.00,500.00,0.00,500.00,1.25,15,A,0.63,15,V,-19.00,15,V,2.44,15,V,41.13,15,V,1.25,15,V,0.75,15,V,-16.44,15,V,3.69,15,V,0.00,0,A,6.69,0,V,0.00,0,V,6.69,0,V,268.88,8,V,,0,V,,0,V,,0,V,,0,V,15.50,15,V,47.8271316667,-53.6066,
217.5,3.17,2017-04-27T13:38:49,483.19,500.00,0.00,500.00,1.31,15,V,0.63,15,V,-19.00,15,V,2.44,15,V,41.13,15,V,1.19,15,V,0.75,15,V,-16.44,15,V,3.69,15,V,0.00,0,V,6.69,0,V,0.00,0,V,6.69,0,V,268.88,8,A,,0,V,,0,V,,0,V,,0,V,15.56,15,V,47.82711,-53.6066233333,
217.7,3.16,2017-04-27T13:38:51,482.88,500.00,0.00,500.00,1.38,15,V,0.63,15,V,-19.00,15,V,2.44,15,V,41.13,15,V,-16.38,15,A,1.19,15,V,0.75,15,V,3.69,15,V,6.69,15,A,0.00,15,V,0.00,15,V,6.69,15,V,268.81,0,A,,0,V,,0,V,,0,V,,0,V,15.56,15,V,47.8270883333,-53.6066516667,
217.3,3.14,2017-04-27T13:38:53,483.00,500.00,0.00,500.00,1.38,15,V,0.63,15,V,-19.00,15,V,2.44,15,V,41.06,15,A,0.75,15,A,1.13,15,V,-16.31,15,V,3.69,15,V,6.69,15,V,0.00,15,V,0.00,15,V,6.69,15,V,268.81,8,A,,0,V,,0,V,,0,V,,0,V,15.56,15,A,47.8270483333,-53.6066933333,
217.5,3.17,2017-04-27T13:38:56,483.06,500.00,0.00,500.00,-19.00,15,A,1.44,15,V,0.63,15,V,2.44,15,V,41.00,15,V,0.69,15,V,1.13,15,V,-16.31,15,V,3.69,15,V,6.69,15,V,0.00,15,V,0.00,15,V,6.69,15,V,268.81,8,V,,0,A,,0,V,,0,V,,0,V,15.63,15,V,47.82702,-53.6067183333,
217.2,3.16,2017-04-27T13:38:58,482.94,500.00,0.00,500.00,0.56,15,A,1.44,15,V,-19.00,15,V,2.44,15,V,40.94,15,V,0.69,15,V,1.13,15,V,-16.25,15,V,3.69,15,V,0.00,1,A,6.63,1,V,0.00,1,V,6.63,1,V,268.81,8,V,,0,V,,0,V,,0,V,,0,V,15.63,15,V,47.826995,-53.6067466667,
217.8,3.17,2017-04-27T13:39:00,482.75,500.00,0.00,500.00,0.56,15,V,1.44,15,V,-19.00,15,V,2.44,15,V,40.88,15,V,3.88,15,A,1.13,15,V,0.69,15,V,-16.25,15,V,0.00,15,A,0.00,15,V,6.63,15,V,6.63,15,V,268.81,8,A,,0,V,,0,V,,0,V,,0,V,15.63,15,V,47.8269716667,-53.606775,
218.0,3.15,2017-04-27T13:39:03,482.75,500.00,0.00,500.00,0.50,15,V,1.44,15,V,-19.00,15,V,2.44,15,V,40.88,15,V,4.00,15,V,1.13,15,V,0.69,15,V,-16.25,15,V,6.63,15,A,0.00,15,V,0.00,15,V,6.63,15,V,268.75,8,V,,0,V,,0,V,,0,V,,0,V,15.69,15,V,47.8269366667,-53.6068133333,
217.9,3.18,2017-04-27T13:39:05,482.69,500.00,0.00,500.00,2.38,15,A,1.44,15,V,0.50,15,V,-19.00,15,V,40.81,15,V,4.06,15,V,1.13,15,V,0.69,15,V,-16.25,15,V,0.00,1,A,6.63,1,V,0.00,1,V,6.63,1,V,268.75,0,A,,0,V,,0,V,,0,V,,0,V,15.63,15,A,47.8269116667,-53.6068366667,
218.5,3.16,2017-04-27T13:39:07,482.69,500.00,0.00,500.00,2.38,15,V,1.44,15,V,0.50,15,V,-19.00,15,V,40.94,15,A,4.06,15,A,1.13,15,V,0.69,15,V,-16.25,15,V,0.00,0,A,0.00,0,V,6.63,0,V,6.63,0,V,268.81,0,V,,0,V,,0,V,,0,V,,0,V,15.63,15,V,47.8268766667,-53.6068716667,
218.0,3.17,2017-04-27T13:39:10,482.63,500.00,0.00,500.00,2.31,15,A,1.44,15,V,0.50,15,V,-19.00,15,V,41.00,15,V,4.00,15,V,1.13,15,V,0.69,15,V,-16.25,15,V,0.00,0,A,6.63,0,V,0.00,0,V,6.63,0,V,268.88,8,A,,0,V,,0,V,,0,V,,0,V,15.63,15,V,47.8268516667,-53.6068916667,
218.5,3.17,2017-04-27T13:39:12,482.63,500.00,0.00,500.00,2.31,15,V,1.44,15,V,0.50,15,V,-19.00,15,V,41.06,15,V,4.00,15,V,1.13,15,V,0.69,15,V,-16.25,15,V,0.00,1,A,6.63,1,V,0.00,1,V,6.63,1,V,268.94,8,V,,0,V,,0,V,,0,V,,0,V,15.63,15,V,47.8268266667,-53.606915,
217.8,3.16,2017-04-27T13:39:14,482.50,500.00,0.00,500.00,2.31,15,V,1.44,15,V,0.50,15,V,-19.00,15,V,41.06,15,V,-16.25,15,A,1.13,15,V,0.69,15,V,4.00,15,V,0.00,1,V,6.63,1,V,0.00,1,V,6.63,1,V,269.00,8,V,,0,A,,0,V,,0,V,,0,V,15.63,15,V,47.8268016667,-53.6069366667,
218.0,3.17,2017-04-27T13:39:16,482.50,500.00,0.00,500.00,2.31,15,V,1.44,15,V,0.50,15,V,-19.00,15,V,41.13,15,A,1.19,15,A,0.69,15,V,-16.25,15,V,4.00,15,V,0.00,14,A,0.00,14,V,6.63,14,V,6.63,14,V,269.00,0,A,,0,V,,0,V,,0,V,,0,V,15.56,15,A,47.8267716667,-53.6069716667,
217.7,3.16,2017-04-27T13:39:19,482.38,500.00,0.00,500.00,-19.00,15,A,1.44,15,V,0.50,15,V,2.31,15,V,41.13,15,V,1.19,15,V,0.69,15,V,-16.25,15,V,4.00,15,V,0.00,1,A,6.63,1,V,0.00,1,V,6.63,1,V,269.00,8,A,,0,V,,0,V,,0,V,,0,V,15.50,15,V,47.8267533333,-53.6070016667,
217.7,3.16,2017-04-27T13:39:21,482.31,500.00,0.00,500.00,-19.00,15,V,1.44,15,V,0.50,15,V,2.31,15,V,41.13,15,V,1.25,15,V,0.69,15,V,-16.25,15,V,4.00,15,V,0.00,1,V,6.63,1,V,0.00,1,V,6.63,1,V,268.94,8,V,1.38,1,A,0.63,1,V,-2.75,1,V,0.00,1,V,15.50,15,V,47.8267366667,-53.6070333333,
217.4,3.17,2017-04-27T13:39:23,482.31,500.00,0.00,500.00,1.31,15,A,0.50,15,V,-19.00,15,V,2.31,15,V,41.13,15,V,-16.25,15,A,1.25,15,V,0.69,15,V,4.00,15,V,0.00,15,A,0.00,15,V,6.63,15,V,6.63,15,V,268.94,8,V,1.38,1,V,0.63,1,V,-2.75,1,V,0.00,1,V,15.50,15,V,47.8267083333,-53.607075,
217.8,3.16,2017-04-27T13:39:26,482.44,500.00,0.00,500.00,1.25,15,V,0.50,15,V,-19.00,15,V,2.31,15,V,41.13,15,V,-16.25,15,V,1.25,15,V,0.69,15,V,4.00,15,V,6.69,15,A,0.00,15,V,0.00,15,V,6.69,15,V,268.81,8,A,1.38,1,V,0.63,1,V,-2.75,1,V,0.00,1,V,15.50,15,V,47.8266883333,-53.6071033333,
217.6,3.14,2017-04-27T13:39:28,482.50,500.00,0.00,500.00,-19.00,15,A,1.19,15,V,0.50,15,V,2.31,15,V,41.13,15,A,0.69,15,A,1.25,15,V,-16.25,15,V,4.00,15,V,0.00,1,A,6.69,1,V,0.00,1,V,6.69,1,V,268.75,8,V,1.38,1,V,0.63,1,V,-2.75,1,V,0.00,1,V,15.44,15,A,47.826665,-53.60713,
217.4,3.15,2017-04-27T13:39:30,482.38,500.00,0.00,500.00,-19.06,15,V,1.19,15,V,0.50,15,V,2.31,15,V,41.19,15,V,0.75,15,V,1.25,15,V,-16.25,15,V,4.00,15,V,0.00,0,A,0.00,0,V,6.69,0,V,6.69,0,V,268.69,0,A,,0,A,,0,V,,0,V,,0,V,15.44,15,V,47.8266283333,-53.6071633333,
217.3,3.14,2017-04-27T13:39:33,482.25,500.00,0.00,500.00,0.56,15,A,1.19,15,V,-19.06,15,V,2.31,15,V,41.19,15,V,4.06,15,A,1.25,15,V,0.75,15,V,-16.25,15,V,0.00,0,A,6.69,0,V,0.00,0,V,6.69,0,V,268.69,0,A,,0,V,,0,V,,0,V,,0,V,15.44,15,V,47.826605,-53.6071866667,
217.1,3.14,2017-04-27T13:39:35,482.25,500.00,0.00,500.00,0.63,15,V,1.19,15,V,-19.06,15,V,2.31,15,V,41.25,15,V,4.13,15,V,1.25,15,V,0.75,15,V,-16.25,15,V,0.00,0,A,0.00,0,V,6.69,0,V,6.69,0,V,268.63,8,A,,0,V,,0,V,,0,V,,0,V,15.44,15,V,47.8265816667,-53.6072133333,
217.1,3.15,2017-04-27T13:39:37,482.19,500.00,0.00,500.00,0.63,15,V,1.19,15,V,-19.06,15,V,2.31,15,V,41.25,15,V,4.13,15,V,1.25,15,V,0.75,15,V,-16.25,15,V,0.00,5,A,0.00,5,V,6.69,5,V,6.69,5,V,268.63,8,V,1.00,3,A,1.38,3,V,0.63,3,V,-3.63,3,V,15.44,15,V,47.82656,-53.6072416667,
216.9,3.13,2017-04-27T13:39:40,482.25,500.00,0.00,500.00,2.31,15,A,1.19,15,V,0.69,15,V,-19.06,15,V,41.25,15,A,4.19,15,A,1.25,15,V,0.75,15,V,-16.25,15,V,0.00,5,V,0.00,5,V,6.69,5,V,6.69,5,V,268.69,8,A,1.00,3,V,1.38,3,V,0.63,3,V,-3.63,3,V,15.44,15,A,47.8265266667,-53.6072883333,
216.7,3.14,2017-04-27T13:39:42,482.38,500.00,0.00,500.00,2.31,15,V,1.19,15,V,0.69,15,V,-19.06,15,V,41.19,15,V,4.19,15,V,1.25,15,V,0.75,15,V,-16.25,15,V,0.00,1,A,6.75,1,V,0.00,1,V,6.75,1,V,268.75,8,V,1.00,3,V,1.38,3,V,0.63,3,V,-3.63,3,V,15.38,15,V,47.8265033333,-53.60732,
216.6,3.14,2017-04-27T13:39:44,482.19,500.00,0.00,500.00,2.31,15,A,1.19,15,V,0.69,15,V,-19.06,15,V,41.19,15,V,4.25,15,V,1.25,15,V,0.75,15,V,-16.25,15,V,0.00,1,V,6.75,1,V,0.00,1,V,6.75,1,V,268.75,8,V,1.00,3,V,1.38,3,V,0.63,3,V,-3.63,3,V,15.38,15,V,47.82647,-53.6073616667,
216.6,3.14,2017-04-27T13:39:47,482.19,500.00,0.00,500.00,2.38,15,V,1.19,15,V,0.69,15,V,-19.06,15,V,41.19,15,V,4.25,15,V,1.25,15,V,0.75,15,V,-16.25,15,V,0.00,8,A,0.00,8,V,6.75,8,V,6.75,8,V,268.88,12,A,,0,A,,0,V,,0,V,,0,V,15.38,15,V,47.8264483333,-53.60739,
216.5,3.13,2017-04-27T13:39:49,482.31,500.00,0.00,500.00,2.38,15,V,1.19,15,V,0.69,15,V,-19.06,15,V,41.19,15,V,-16.44,15,A,1.25,15,V,0.75,15,V,4.25,15,V,0.00,1,A,6.94,1,V,0.00,1,V,6.94,1,V,269.00,12,A,,0,V,,0,V,,0,V,,0,V,15.38,15,A,47.8264233333,-53.6074166667,
216.3,3.13,2017-04-27T13:39:51,482.19,500.00,0.00,500.00,-19.06,15,A,1.19,15,V,0.69,15,V,2.44,15,V,41.13,15,A,1.19,15,A,0.75,15,V,-16.50,15,V,4.25,15,V,0.00,1,V,7.00,1,V,0.00,1,V,7.00,1,V,269.00,12,V,,0,V,,0,V,,0,V,,0,V,15.38,15,V,47.8263983333,-53.607445,
216.4,3.12,2017-04-27T13:39:54,482.00,500.00,0.00,500.00,-19.06,15,V,1.19,15,V,0.69,15,V,2.44,15,V,41.06,15,V,1.06,15,V,0.75,15,V,-16.56,15,V,4.25,15,V,0.00,13,A,0.00,13,V,7.06,13,V,7.06,13,V,269.06,0,A,,0,V,,0,V,,0,V,,0,V,15.38,15,V,47.8263583333,-53.60749,
216.1,3.13,2017-04-27T13:39:56,482.06,500.00,0.00,500.00,1.25,15,A,0.69,15,V,-19.06,15,V,2.44,15,V,41.06,15,V,1.06,15,V,0.75,15,V,-16.56,15,V,4.25,15,V,0.00,13,V,0.00,13,V,7.13,13,V,7.13,13,V,269.06,12,A,1.38,1,A,0.63,1,V,-3.63,1,V,1.00,1,V,15.38,15,V,47.8263316667,-53.6075183333,
216.1,3.13,2017-04-27T13:39:58,482.00,500.00,0.00,500.00,1.31,15,V,0.69,15,V,-19.06,15,V,2.44,15,V,41.00,15,V,-16.63,15,A,1.00,15,V,0.75,15,V,4.25,15,V,7.13,15,A,0.00,15,V,0.00,15,V,7.13,15,V,269.06,12,V,1.19,1,A,1.38,1,V,-3.63,1,V,1.00,1,V,15.31,15,V,47.8263016667,-53.6075483333,
215.9,3.12,2017-04-27T13:40:01,482.00,500.00,0.00,500.00,1.31,15,V,0.69,15,V,-19.06,15,V,2.44,15,V,40.94,15,V,-16.63,15,V,1.00,15,V,0.75,15,V,4.25,15,V,7.06,15,V,0.00,15,V,0.00,15,V,7.06,15,V,269.06,12,V,1.19,1,V,1.38,1,V,-3.63,1,V,1.00,1,V,15.31,15,A,47.82626,-53.6075933333,
216.1,3.12,2017-04-27T13:40:03,482.06,500.00,0.00,500.00,-19.06,15,A,1.38,15,V,0.69,15,V,2.44,15,V,41.00,15,A,-16.63,15,V,1.00,15,V,0.75,15,V,4.25,15,V,0.00,14,A,0.00,14,V,7.06,14,V,7.06,14,V,268.94,12,A,1.19,1,V,1.38,1,V,-3.63,1,V,1.00,1,V,15.31,15,V,47.826235,-53.6076216667,
216.2,3.13,2017-04-27T13:40:05,482.00,500.00,0.00,500.00,0.63,15,A,1.38,15,V,-19.13,15,V,2.44,15,V,41.00,15,V,0.69,15,A,1.00,15,V,-16.63,15,V,4.25,15,V,0.00,1,A,7.00,1,V,0.00,1,V,7.00,1,V,268.88,1,A,1.19,1,V,1.38,1,V,-3.63,1,V,1.00,1,V,15.31,15,V,47.8262116667,-53.60765,
216.2,3.12,2017-04-27T13:40:08,482.06,500.00,0.00,500.00,0.56,15,V,1.38,15,V,-19.13,15,V,2.44,15,V,40.94,15,V,4.31,15,A,1.00,15,V,0.56,15,V,-16.63,15,V,0.00,14,A,0.00,14,V,7.00,14,V,7.00,14,V,268.88,1,V,1.19,1,V,1.38,1,V,-3.63,1,V,1.00,1,V,15.31,15,V,47.8261733333,-53.6076883333,
216.9,3.11,2017-04-27T13:40:10,482.06,500.00,0.00,500.00,0.56,15,V,1.38,15,V,-19.13,15,V,2.44,15,V,40.94,15,V,4.38,15,V,1.00,15,V,0.56,15,V,-16.63,15,V,6.94,15,A,0.00,15,V,0.00,15,V,6.94,15,V,268.81,1,V,1.19,1,V,1.38,1,V,-3.63,1,V,1.00,1,V,15.31,15,V,47.8261516667,-53.6077166667,
216.7,3.13,2017-04-27T13:40:12,481.81,500.00,0.00,500.00,2.31,15,A,1.38,15,V,0.50,15,V,-19.13,15,V,40.94,15,V,4.38,15,V,1.00,15,V,0.50,15,V,-16.63,15,V,0.00,1,A,6.88,1,V,0.00,1,V,6.88,1,V,268.75,12,A,1.19,1,V,1.38,1,V,-3.63,1,V,1.00,1,V,15.31,15,A,47.82613,-53.6077383333,
216.9,3.13,2017-04-27T13:40:15,481.94,500.00,0.00,500.00,2.25,15,V,1.38,15,V,0.50,15,V,-19.13,15,V,40.94,15,A,4.31,15,A,1.00,15,V,0.50,15,V,-16.63,15,V,0.00,15,A,0.00,15,V,6.81,15,V,6.81,15,V,268.63,12,A,,0,A,,0,V,,0,V,,0,V,15.31,15,V,47.8261,-53.6077716667,
216.6,3.13,2017-04-27T13:40:17,481.88,500.00,0.00,500.00,2.19,15,V,1.38,15,V,0.50,15,V,-19.13,15,V,40.94,15,V,4.31,15,V,1.00,15,V,0.50,15,V,-16.63,15,V,0.00,15,V,0.00,15,V,6.81,15,V,6.81,15,V,268.63,12,V,,0,V,,0,V,,0,V,,0,V,15.31,15,V,47.8260766667,-53.6077916667,
216.4,3.12,2017-04-27T13:40:19,482.25,500.00,0.00,500.00,2.19,15,A,1.38,15,V,0.50,15,V,-19.13,15,V,40.88,15,V,4.31,15,V,1.00,15,V,0.50,15,V,-16.63,15,V,0.00,1,A,6.75,1,V,0.00,1,V,6.75,1,V,268.63,0,A,,0,V,,0,V,,0,V,,0,V,15.31,15,V,47.8260533333,-53.6078116667,
216.4,3.13,2017-04-27T13:40:22,481.88,500.00,0.00,500.00,2.19,15,V,1.38,15,V,0.50,15,V,-19.13,15,V,40.88,15,V,4.25,15,V,1.00,15,V,0.50,15,V,-16.63,15,V,6.75,15,A,0.00,15,V,0.00,15,V,6.75,15,V,268.56,8,A,,0,V,,0,V,,0,V,,0,V,15.31,15,V,47.8260183333,-53.6078483333,
216.5,3.12,2017-04-27T13:40:24,481.81,500.00,0.00,500.00,2.19,15,V,1.38,15,V,0.50,15,V,-19.13,15,V,40.81,15,V,-16.38,15,A,1.00,15,V,0.50,15,V,4.25,15,V,0.00,15,A,0.00,15,V,6.69,15,V,6.69,15,V,268.56,8,V,,0,A,,0,V,,0,V,,0,V,15.31,15,A,47.825995,-53.607875,
216.3,3.14,2017-04-27T13:40:26,481.88,500.00,0.00,500.00,-19.19,15,A,1.38,15,V,0.50,15,V,2.19,15,V,40.88,15,A,1.13,15,A,0.50,15,V,-16.25,15,V,4.25,15,V,0.00,15,V,0.00,15,V,6.69,15,V,6.69,15,V,268.56,8,A,,0,V,,0,V,,0,V,,0,V,15.31,15,V,47.8259716667,-53.6078983333,
216.8,3.12,2017-04-27T13:40:28,481.81,500.00,0.00,500.00,1.25,15,A,0.50,15,V,-19.31,15,V,2.19,15,V,40.88,15,V,1.25,15,V,0.50,15,V,-16.19,15,V,4.25,15,V,0.00,1,A,6.69,1,V,0.00,1,V,6.69,1,V,268.56,0,A,,0,V,,0,V,,0,V,,0,V,15.31,15,V,47.8259366667,-53.6079383333,
217.0,3.13,2017-04-27T13:40:31,481.69,500.00,0.00,500.00,1.13,15,V,0.50,15,V,-19.31,15,V,2.19,15,V,40.88,15,V,1.38,15,V,0.50,15,V,-16.19,15,V,4.25,15,V,0.00,15,A,0.00,15,V,6.69,15,V,6.69,15,V,268.63,8,A,,0,V,,0,V,,0,V,,0,V,15.31,15,V,47.825915,-53.6079633333,
217.0,3.13,2017-04-27T13:40:33,481.69,500.00,0.00,500.00,1.06,15,V,0.50,15,V,-19.31,15,V,2.19,15,V,40.88,15,V,1.38,15,V,0.50,15,V,-16.13,15,V,4.25,15,V,6.69,15,A,0.00,15,V,0.00,15,V,6.69,15,V,268.63,8,V,,0,A,,0,V,,0,V,,0,V,15.31,15,V,47.8258883333,-53.607985,
217.3,3.14,2017-04-27T13:40:35,481.56,500.00,0.00,500.00,1.00,15,V,0.50,15,V,-19.38,15,V,2.19,15,V,40.88,15,V,-16.06,15,A,1.44,15,V,0.50,15,V,4.25,15,V,0.00,1,A,6.69,1,V,0.00,1,V,6.69,1,V,268.69,8,A,,0,V,,0,V,,0,V,,0,V,15.31,15,A,47.8258633333,-53.6080016667,
217.2,3.13,2017-04-27T13:40:38,481.56,500.00,0.00,500.00,-19.38,15,A,0.94,15,V,0.50,15,V,2.19,15,V,40.94,15,A,0.69,15,A,1.44,15,V,-16.06,15,V,4.25,15,V,0.00,15,A,0.00,15,V,6.69,15,V,6.69,15,V,268.75,8,V,,0,V,,0,V,,0,V,,0,V,15.31,15,V,47.8258283333,-53.60803,
217.4,3.14,2017-04-27T13:40:40,481.50,500.00,0.00,500.00,0.56,15,A,0.94,15,V,-19.38,15,V,2.19,15,V,41.00,15,V,0.75,15,V,1.44,15,V,-16.00,15,V,4.25,15,V,0.00,15,V,0.00,15,V,6.69,15,V,6.69,15,V,268.81,8,V,1.19,1,A,1.38,1,V,-3.63,1,V,1.00,1,V,15.25,15,V,47.825805,-53.6080483333,
217.3,3.13,2017-04-27T13:40:42,481.50,500.00,0.00,500.00,0.69,15,V,0.94,15,V,-19.38,15,V,2.19,15,V,41.00,15,V,0.88,15,V,1.44,15,V,-16.00,15,V,4.25,15,V,0.00,15,V,0.00,15,V,6.69,15,V,6.69,15,V,268.94,12,A,1.19,1,V,1.38,1,V,-3.63,1,V,1.00,1,V,15.25,15,V,47.8257866667,-53.60807,
217.1,3.14,2017-04-27T13:40:45,481.44,500.00,0.00,500.00,0.69,15,V,0.94,15,V,-19.38,15,V,2.19,15,V,41.06,15,V,4.25,15,A,1.44,15,V,0.88,15,V,-16.00,15,V,6.75,15,A,0.00,15,V,0.00,15,V,6.75,15,V,269.13,8,A,1.19,1,V,1.38,1,V,-3.63,1,V,1.00,1,V,15.31,15,A,47.82576,-53.6081066667,
217.4,3.14,2017-04-27T13:40:47,481.31,500.00,0.00,500.00,2.13,15,A,0.94,15,V,0.69,15,V,-19.38,15,V,41.06,15,A,4.25,15,V,1.44,15,V,0.94,15,V,-16.00,15,V,0.00,0,A,0.00,0,V,6.75,0,V,6.75,0,V,269.19,8,V,1.19,1,V,1.38,1,V,-3.63,1,V,1.00,1,V,15.31,15,V,47.8257433333,-53.608135,
217.3,3.14,2017-04-27T13:40:49,481.25,500.00,0.00,500.00,2.13,15,V,0.94,15,V,0.75,15,V,-19.38,15,V,41.13,15,V,4.25,15,A,1.44,15,V,0.94,15,V,-16.00,15,V,0.00,0,A,6.75,0,V,0.00,0,V,6.75,0,V,269.25,8,V,,0,A,,0,V,,0,V,,0,V,15.31,15,V,47.8257233333,-53.6081633333,
217.5,3.14,2017-04-27T13:40:52,481.38,500.00,0.00,500.00,2.06,15,A,0.94,15,V,0.75,15,V,-19.38,15,V,41.19,15,V,4.25,15,V,1.44,15,V,0.94,15,V,-16.00,15,V,0.00,0,A,0.00,0,V,6.75,0,V,6.75,0,V,269.31,8,A,,0,V,,0,V,,0,V,,0,V,15.38,15,V,47.8256933333,-53.608205,
217.6,3.15,2017-04-27T13:40:54,481.19,500.00,0.00,500.00,1.94,15,V,0.94,15,V,0.75,15,V,-19.38,15,V,41.19,15,V,4.25,15,V,1.44,15,V,0.94,15,V,-16.00,15,V,6.75,15,A,0.00,15,V,0.00,15,V,6.75,15,V,269.19,0,A,,0,V,,0,V,,0,V,,0,V,15.38,15,V,47.82567,-53.6082316667,
217.6,3.13,2017-04-27T13:40:56,481.25,500.00,0.00,500.00,1.94,15,V,0.94,15,V,0.75,15,V,-19.38,15,V,41.25,15,V,4.25,15,V,1.44,15,V,0.94,15,V,-16.00,15,V,6.75,15,V,0.00,15,V,0.00,15,V,6.75,15,V,269.13,0,V,,0,V,,0,V,,0,V,,0,V,15.38,15,V,47.825645,-53.6082533333,
217.8,3.13,2017-04-27T13:40:59,481.25,500.00,0.00,500.00,1.88,15,V,0.94,15,V,0.75,15,V,-19.38,15,V,41.25,15,V,-16.06,15,A,1.44,15,V,0.94,15,V,4.25,15,V,6.75,15,V,0.00,15,V,0.00,15,V,6.75,15,V,269.06,8,A,,0,A,,0,V,,0,V,,0,V,15.44,15,A,47.825605,-53.608285,
217.9,3.14,2017-04-27T13:41:01,481.06,500.00,0.00,500.00,-19.31,15,A,0.94,15,V,0.75,15,V,1.88,15,V,41.19,15,A,1.25,15,A,0.94,15,V,-16.06,15,V,4.25,15,V,0.00,9,A,0.00,9,V,6.69,9,V,6.69,9,V,269.00,8,A,1.31,1,A,1.13,1,V,-3.63,1,V,1.00,1,V,15.44,15,V,47.82558,-53.6083116667,
218.3,3.13,2017-04-27T13:41:03,481.13,500.00,0.00,500.00,1.06,15,A,0.75,15,V,-19.31,15,V,1.88,15,V,41.19,15,V,1.19,15,V,0.94,15,V,-16.13,15,V,4.25,15,V,0.00,9,V,0.00,9,V,6.69,9,V,6.69,9,V,268.94,8,V,1.31,1,V,1.13,1,V,-3.63,1,V,1.00,1,V,15.50,15,V,47.8255583333,-53.608335,
217.9,3.12,2017-04-27T13:41:06,481.13,500.00,0.00,500.00,1.13,15,V,0.75,15,V,-19.25,15,V,1.88,15,V,41.19,15,V,1.06,15,V,0.94,15,V,-16.13,15,V,4.25,15,V,0.00,1,A,6.69,1,V,0.00,1,V,6.69,1,V,268.94,8,V,1.31,1,V,1.13,1,V,-3.63,1,V,1.00,1,V,15.50,15,V,47.8255266667,-53.6083683333,
218.1,3.13,2017-04-27T13:41:08,480.81,500.00,0.00,500.00,1.19,15,V,0.75,15,V,-19.25,15,V,1.88,15,V,41.19,15,V,-16.13,15,A,1.06,15,V,0.94,15,V,4.25,15,V,0.00,12,A,0.00,12,V,6.69,12,V,6.69,12,V,268.88,12,A,1.31,1,V,1.13,1,V,-3.63,1,V,1.00,1,V,15.56,15,A,47.8255083333,-53.608395,
217.6,3.13,2017-04-27T13:41:10,480.94,500.00,0.00,500.00,-19.25,15,A,1.19,15,V,0.75,15,V,1.88,15,V,41.06,15,A,-16.13,15,V,1.00,15,V,0.94,15,V,4.25,15,V,0.00,12,V,0.00,12,V,6.69,12,V,6.69,12,V,268.88,12,A,,0,A,,0,V,,0,V,,0,V,15.56,15,V,47.82549,-53.6084216667,
217.3,3.13,2017-04-27T13:41:13,480.94,500.00,0.00,500.00,-19.25,15,V,1.25,15,V,0.75,15,V,1.88,15,V,41.00,15,V,0.94,15,A,1.00,15,V,-16.19,15,V,4.25,15,V,0.00,12,V,0.00,12,V,6.63,12,V,6.63,12,V,268.94,12,V,,0,V,,0,V,,0,V,,0,V,15.63,15,V,47.825455,-53.6084616667,
217.1,3.14,2017-04-27T13:41:15,480.88,500.00,0.00,500.00,0.75,15,A,1.25,15,V,-19.19,15,V,1.88,15,V,40.94,15,V,0.88,15,V,1.00,15,V,-16.19,15,V,4.25,15,V,0.00,1,A,6.63,1,V,0.00,1,V,6.63,1,V,268.94,12,V,,0,V,,0,V,,0,V,,0,V,15.63,15,V,47.82543,-53.60849,
217.1,3.14,2017-04-27T13:41:17,480.81,500.00,0.00,500.00,0.75,15,V,1.25,15,V,-19.19,15,V,1.88,15,V,40.88,15,V,4.25,15,A,1.00,15,V,0.88,15,V,-16.19,15,V,6.69,15,A,0.00,15,V,0.00,15,V,6.69,15,V,268.94,0,A,,0,V,,0,V,,0,V,,0,V,15.63,15,V,47.825405,-53.60852,
217.2,3.12,2017-04-27T13:41:19,480.81,500.00,0.00,500.00,1.88,15,A,1.25,15,V,0.75,15,V,-19.19,15,V,40.81,15,V,4.25,15,V,1.00,15,V,0.88,15,V,-16.19,15,V,6.69,15,V,0.00,15,V,0.00,15,V,6.69,15,V,268.94,0,V,,0,V,,0,V,,0,V,,0,V,15.63,15,A,47.8253816667,-53.60855,
217.8,3.14,2017-04-27T13:41:22,480.63,500.00,0.00,500.00,1.88,15,V,1.25,15,V,0.75,15,V,-19.19,15,V,40.75,15,A,4.25,15,V,1.00,15,V,0.88,15,V,-16.19,15,V,0.00,1,A,6.69,1,V,0.00,1,V,6.69,1,V,268.94,12,A,,0,A,,0,V,,0,V,,0,V,15.63,15,V,47.825345,-53.6085916667,
218.0,3.13,2017-04-27T13:41:24,480.69,500.00,0.00,500.00,1.88,15,V,1.25,15,V,0.75,15,V,-19.19,15,V,40.75,15,V,4.31,15,A,1.00,15,V,0.88,15,V,-16.19,15,V,0.00,13,A,0.00,13,V,6.69,13,V,6.69,13,V,268.94,12,V,,0,V,,0,V,,0,V,,0,V,15.63,15,V,47.8253216667,-53.6086233333,
218.4,3.13,2017-04-27T13:41:26,480.69,500.00,0.00,500.00,1.88,15,A,1.25,15,V,0.75,15,V,-19.19,15,V,40.69,15,V,4.38,15,V,1.00,15,V,0.88,15,V,-16.19,15,V,0.00,13,V,0.00,13,V,6.69,13,V,6.69,13,V,268.88,12,A,,0,V,,0,V,,0,V,,0,V,15.63,15,V,47.8252983333,-53.60865,
218.5,3.14,2017-04-27T13:41:29,480.63,500.00,0.00,500.00,1.94,15,V,1.25,15,V,0.75,15,V,-19.19,15,V,40.69,15,V,4.38,15,V,1.00,15,V,0.88,15,V,-16.19,15,V,6.69,15,A,0.00,15,V,0.00,15,V,6.69,15,V,268.81,12,V,,0,A,,0,V,,0,V,,0,V,15.63,15,V,47.8252666667,-53.608695,
218.7,3.12,2017-04-27T13:41:31,480.63,500.00,0.00,500.00,1.94,15,V,1.25,15,V,0.75,15,V,-19.19,15,V,40.63,15,V,4.44,15,V,1.00,15,V,0.88,15,V,-16.19,15,V,0.00,1,A,6.75,1,V,0.00,1,V,6.75,1,V,268.88,1,A,,0,V,,0,V,,0,V,,0,V,15.56,15,A,47.825245,-53.6087216667,
218.4,3.13,2017-04-27T13:41:33,480.50,500.00,0.00,500.00,-19.19,15,A,1.25,15,V,0.75,15,V,1.94,15,V,40.63,15,A,-16.25,15,A,1.00,15,V,0.88,15,V,4.44,15,V,0.00,14,A,0.00,14,V,6.75,14,V,6.75,14,V,268.94,1,V,,0,V,,0,V,,0,V,,0,V,15.50,15,V,47.825225,-53.6087483333,
218.1,3.12,2017-04-27T13:41:36,480.44,500.00,0.00,500.00,1.25,15,A,0.75,15,V,-19.19,15,V,1.94,15,V,40.56,15,V,1.06,15,A,0.88,15,V,-16.31,15,V,4.44,15,V,0.00,14,V,0.00,14,V,6.75,14,V,6.75,14,V,269.00,1,V,,0,V,,0,V,,0,V,,0,V,15.50,15,V,47.82519,-53.6087866667,
217.9,3.12,2017-04-27T13:41:38,480.50,500.00,0.00,500.00,1.31,15,V,0.75,15,V,-19.19,15,V,1.94,15,V,40.56,15,V,1.13,15,V,0.88,15,V,-16.38,15,V,4.44,15,V,0.00,1,A,6.75,1,V,0.00,1,V,6.75,1,V,269.06,12,A,,0,V,,0,V,,0,V,,0,V,15.44,15,V,47.8251683333,-53.6088116667,
217.6,3.13,2017-04-27T13:41:40,480.44,500.00,0.00,500.00,1.38,15,V,0.75,15,V,-19.19,15,V,1.94,15,V,40.50,15,V,1.19,15,V,0.88,15,V,-16.38,15,V,4.44,15,V,0.00,12,A,0.00,12,V,6.75,12,V,6.75,12,V,269.06,0,A,,0,A,,0,V,,0,V,,0,V,15.38,15,A,47.8251466667,-53.608835,
218.0,3.12,2017-04-27T13:41:42,480.44,500.00,0.00,500.00,1.38,15,V,0.75,15,V,-19.19,15,V,1.94,15,V,40.50,15,V,-16.38,15,A,1.19,15,V,0.88,15,V,4.44,15,V,0.00,12,V,0.00,12,V,6.75,12,V,6.75,12,V,269.06,0,A,,0,V,,0,V,,0,V,,0,V,15.38,15,V,47.8251233333,-53.6088616667,
218.0,3.12,2017-04-27T13:41:45,480.44,500.00,0.00,500.00,-19.44,15,A,1.38,15,V,0.75,15,V,1.94,15,V,40.44,15,V,-16.38,15,V,1.19,15,V,0.88,15,V,4.44,15,V,0.00,12,V,0.00,12,V,6.69,12,V,6.69,12,V,269.06,0,V,,0,V,,0,V,,0,V,,0,V,15.31,15,V,47.8250883333,-53.6089033333,
218.2,3.12,2017-04-27T13:41:47,480.38,500.00,0.00,500.00,-19.56,15,V,1.38,15,V,0.75,15,V,1.94,15,V,40.50,15,A,-16.38,15,V,1.19,15,V,0.88,15,V,4.44,15,V,0.00,13,A,0.00,13,V,6.69,13,V,6.69,13,V,268.94,8,A,,0,A,,0,V,,0,V,,0,V,15.31,15,V,47.8250666667,-53.6089316667,
218.4,3.12,2017-04-27T13:41:49,480.38,500.00,0.00,500.00,0.69,15,A,1.38,15,V,-19.69,15,V,1.94,15,V,40.56,15,V,0.69,15,A,1.19,15,V,-16.38,15,V,4.44,15,V,6.69,15,A,0.00,15,V,0.00,15,V,6.69,15,V,268.88,8,V,,0,V,,0,V,,0,V,,0,V,15.25,15,V,47.8250366667,-53.6089783333,
218.4,3.12,2017-04-27T13:41:52,480.56,500.00,0.00,500.00,0.63,15,V,1.38,15,V,-19.75,15,V,1.94,15,V,40.56,15,V,0.56,15,V,1.19,15,V,-16.38,15,V,4.44,15,V,6.69,15,V,0.00,15,V,0.00,15,V,6.69,15,V,268.75,8,A,,0,V,,0,V,,0,V,,0,V,15.25,15,V,47.8250183333,-53.60901,
218.2,3.13,2017-04-27T13:41:54,480.25,500.00,0.00,500.00,1.94,15,A,1.38,15,V,0.56,15,V,-19.75,15,V,40.56,15,V,4.44,15,A,1.19,15,V,0.50,15,V,-16.38,15,V,4.00,1,A,6.69,1,V,0.00,1,V,6.69,1,V,268.69,8,V,,0,V,,0,V,,0,V,,0,V,15.19,15,A,47.8249966667,-53.6090383333,
218.3,3.12,2017-04-27T13:41:56,480.38,500.00,0.00,500.00,1.94,15,V,1.38,15,V,0.56,15,V,-19.81,15,V,40.56,15,A,4.44,15,V,1.19,15,V,0.50,15,V,-16.38,15,V,0.00,0,A,5.00,0,V,6.69,0,V,6.69,0,V,268.56,8,A,,0,A,,0,V,,0,V,,0,V,15.13,15,V,47.8249733333,-53.6090666667,
217.9,3.13,2017-04-27T13:41:59,480.31,500.00,0.00,500.00,1.94,15,V,1.38,15,V,0.56,15,V,-19.81,15,V,40.50,15,V,4.44,15,A,1.19,15,V,0.44,15,V,-16.38,15,V,2.00,1,A,6.69,1,V,0.00,1,V,6.69,1,V,268.50,8,V,,0,V,,0,V,,0,V,,0,V,15.06,15,V,47.8249383333,-53.6091083333,
218.2,3.13,2017-04-27T13:42:01,480.25,500.00,0.00,500.00,1.88,15,A,1.38,15,V,0.56,15,V,-19.81,15,V,40.50,15,V,4.44,15,V,1.19,15,V,0.44,15,V,-16.38,15,V,2.00,1,V,6.69,1,V,0.00,1,V,6.69,1,V,268.44,8,A,,0,V,,0,V,,0,V,,0,V,15.06,15,V,47.8249166667,-53.6091366667,
217.5,3.13,2017-04-27T13:42:03,480.25,500.00,0.00,500.00,1.88,15,V,1.38,15,V,0.56,15,V,-19.81,15,V,40.44,15,V,4.44,15,V,1.19,15,V,0.44,15,V,-16.38,15,V,0.00,10,A,0.00,10,V,6.69,10,V,6.69,10,V,268.44,8,V,,0,V,,0,V,,0,V,,0,V,15.06,15,A,47.8248933333,-53.6091616667,
218.1,3.13,2017-04-27T13:42:05,480.19,500.00,0.00,500.00,1.88,15,V,1.38,15,V,0.56,15,V,-19.81,15,V,40.44,15,V,4.44,15,V,1.19,15,V,0.44,15,V,-16.38,15,V,0.00,10,V,0.00,10,V,6.69,10,V,6.69,10,V,268.44,0,A,,0,A,,0,V,,0,V,,0,V,15.00,15,V,47.8248583333,-53.6092016667,
218.0,3.13,2017-04-27T13:42:08,480.13,500.00,0.00,500.00,-19.81,15,A,1.38,15,V,0.56,15,V,1.88,15,V,40.44,15,A,-16.50,15,A,1.19,15,V,0.44,15,V,4.44,15,V,5.00,1,A,6.69,1,V,0.00,1,V,6.69,1,V,268.44,8,A,,0,V,,0,V,,0,V,,0,V,15.00,15,V,47.824835,-53.6092266667,
217.9,3.12,2017-04-27T13:42:10,480.19,500.00,0.00,500.00,1.31,15,A,0.56,15,V,-19.81,15,V,1.88,15,V,40.44,15,V,1.13,15,A,0.44,15,V,-16.63,15,V,4.44,15,V,0.00,0,A,5.00,0,V,6.69,0,V,6.69,0,V,268.44,8,V,,0,V,,0,V,,0,V,,0,V,14.94,15,V,47.82481,-53.6092516667,
218.2,3.13,2017-04-27T13:42:12,480.13,500.00,0.00,500.00,1.25,15,V,0.56,15,V,-19.81,15,V,1.88,15,V,40.44,15,V,1.06,15,V,0.44,15,V,-16.63,15,V,4.44,15,V,5.00,0,A,6.75,0,V,0.00,0,V,6.75,0,V,268.38,8,A,,0,V,,0,V,,0,V,,0,V,14.94,15,V,47.8247733333,-53.60929,
217.9,3.12,2017-04-27T13:42:15,480.06,500.00,0.00,500.00,1.19,15,V,0.56,15,V,-19.81,15,V,1.88,15,V,40.44,15,V,1.00,15,V,0.44,15,V,-16.69,15,V,4.44,15,V,2.00,1,A,6.75,1,V,0.00,1,V,6.75,1,V,268.38,8,V,,0,A,,0,V,,0,V,,0,V,14.94,15,A,47.8247483333,-53.6093133333,
218.0,3.12,2017-04-27T13:42:17,480.19,500.00,0.00,500.00,1.19,15,V,0.56,15,V,-19.81,15,V,1.88,15,V,40.44,15,V,1.00,15,V,0.44,15,V,-16.69,15,V,4.44,15,V,2.00,1,V,6.75,1,V,0.00,1,V,6.75,1,V,268.44,12,A,,0,V,,0,V,,0,V,,0,V,14.94,15,V,47.8247233333,-53.6093366667,
217.5,3.13,2017-04-27T13:42:19,480.00,500.00,0.00,500.00,-19.63,15,A,1.19,15,V,0.56,15,V,1.88,15,V,40.44,15,V,-16.56,15,A,1.00,15,V,0.44,15,V,4.44,15,V,0.00,9,A,0.00,9,V,6.81,9,V,6.81,9,V,268.50,0,A,,0,V,,0,V,,0,V,,0,V,14.94,15,V,47.8246983333,-53.6093566667,
217.7,3.12,2017-04-27T13:42:22,479.94,500.00,0.00,500.00,0.56,15,A,1.19,15,V,-19.56,15,V,1.88,15,V,40.44,15,A,0.44,15,A,1.00,15,V,-16.50,15,V,4.44,15,V,0.00,1,A,6.81,1,V,0.00,1,V,6.81,1,V,268.63,8,A,,0,V,,0,V,,0,V,,0,V,14.94,15,V,47.8246633333,-53.6093933333,
217.9,3.11,2017-04-27T13:42:24,479.94,500.00,0.00,500.00,0.50,15,V,1.19,15,V,-19.50,15,V,1.88,15,V,40.38,15,V,0.38,15,V,1.00,15,V,-16.50,15,V,4.44,15,V,6.88,15,A,0.00,15,V,0.00,15,V,6.88,15,V,268.69,8,V,,0,V,,0,V,,0,V,,0,V,14.94,15,V,47.82464,-53.6094183333,
217.8,3.13,2017-04-27T13:42:26,479.75,500.00,0.00,500.00,0.50,15,V,1.19,15,V,-19.50,15,V,1.88,15,V,40.38,15,V,0.38,15,V,1.00,15,V,-16.44,15,V,4.44,15,V,0.00,11,A,0.00,11,V,6.88,11,V,6.88,11,V,268.75,8,V,,0,A,,0,V,,0,V,,0,V,15.00,15,A,47.824615,-53.6094416667,
217.8,3.12,2017-04-27T13:42:29,479.88,500.00,0.00,500.00,1.88,15,A,1.19,15,V,0.44,15,V,-19.44,15,V,40.31,15,V,4.38,15,A,1.00,15,V,0.38,15,V,-16.44,15,V,0.00,11,V,0.00,11,V,6.88,11,V,6.88,11,V,268.88,0,A,,0,V,,0,V,,0,V,,0,V,15.00,15,V,47.8245783333,-53.6094783333,
218.0,3.12,2017-04-27T13:42:31,479.69,500.00,0.00,500.00,1.88,15,V,1.19,15,V,0.44,15,V,-19.44,15,V,40.38,15,A,4.31,15,V,1.00,15,V,0.38,15,V,-16.44,15,V,0.00,1,A,6.94,1,V,0.00,1,V,6.94,1,V,268.94,0,V,,0,V,,0,V,,0,V,,0,V,15.06,15,V,47.8245566667,-53.6095066667,
217.8,3.12,2017-04-27T13:42:33,479.75,500.00,0.00,500.00,1.88,15,V,1.19,15,V,0.44,15,V,-19.44,15,V,40.44,15,V,4.25,15,V,1.00,15,V,0.38,15,V,-16.44,15,V,0.00,11,A,0.00,11,V,6.94,11,V,6.94,11,V,269.00,8,A,,0,V,,0,V,,0,V,,0,V,15.06,15,V,47.8245383333,-53.609535,
218.0,3.12,2017-04-27T13:42:35,479.56,500.00,0.00,500.00,1.94,15,A,1.19,15,V,0.44,15,V,-19.44,15,V,40.50,15,V,4.19,15,A,1.00,15,V,0.38,15,V,-16.44,15,V,6.94,15,A,0.00,15,V,0.00,15,V,6.94,15,V,269.00,8,V,,0,V,,0,V,,0,V,,0,V,15.06,15,A,47.824515,-53.60956,
218.1,3.12,2017-04-27T13:42:38,479.56,500.00,0.00,500.00,2.00,15,V,1.19,15,V,0.44,15,V,-19.44,15,V,40.50,15,V,4.19,15,V,1.00,15,V,0.38,15,V,-16.44,15,V,0.00,1,A,6.94,1,V,0.00,1,V,6.94,1,V,268.94,8,A,,0,V,,0,V,,0,V,,0,V,15.13,15,V,47.8244833333,-53.609595,
217.6,3.11,2017-04-27T13:42:40,479.56,500.00,0.00,500.00,2.00,15,V,1.19,15,V,0.44,15,V,-19.44,15,V,40.50,15,V,4.19,15,V,1.00,15,V,0.38,15,V,-16.44,15,V,0.00,1,V,6.94,1,V,0.00,1,V,6.94,1,V,268.94,8,V,,0,V,,0,V,,0,V,,0,V,15.13,15,V,47.82446,-53.609615,
218.0,3.11,2017-04-27T13:42:42,479.50,500.00,0.00,500.00,-19.44,15,A,1.19,15,V,0.44,15,V,2.00,15,V,40.56,1,A,-16.44,15,A,1.00,15,V,0.38,15,V,4.19,15,V,0.00,12,A,0.00,12,V,7.00,12,V,7.00,12,V,268.88,8,V,,0,V,,0,V,,0,V,,0,V,15.13,15,V,47.8244366667,-53.609635,
217.7,3.11,2017-04-27T13:42:45,479.44,500.00,0.00,500.00,1.31,15,A,0.44,15,V,-19.44,15,V,2.00,15,V,40.63,1,V,1.13,15,A,0.38,15,V,-16.44,15,V,4.19,15,V,0.00,1,A,7.00,1,V,0.00,1,V,7.00,1,V,268.88,12,A,,0,A,,0,V,,0,V,,0,V,15.13,15,V,47.8244016667,-53.6096716667,
217.9,3.11,2017-04-27T13:42:47,479.56,500.00,0.00,500.00,1.44,15,V,0.44,15,V,-19.44,15,V,2.00,15,V,40.63,1,V,1.25,15,V,0.38,15,V,-16.44,15,V,4.19,15,V,6.88,15,A,0.00,15,V,0.00,15,V,6.88,15,V,268.88,12,A,,0,V,,0,V,,0,V,,0,V,15.13,15,V,47.82438,-53.6096983333,
217.6,3.11,2017-04-27T13:42:49,479.38,500.00,0.00,500.00,1.50,15,V,0.44,15,V,-19.44,15,V,2.00,15,V,40.69,1,V,1.31,15,V,0.38,15,V,-16.44,15,V,4.19,15,V,0.00,12,A,0.00,12,V,6.75,12,V,6.75,12,V,268.88,12,V,,0,V,,0,V,,0,V,,0,V,15.13,15,A,47.8243583333,-53.6097233333,
218.0,3.11,2017-04-27T13:42:52,479.50,500.00,0.00,500.00,-19.44,15,A,1.50,15,V,0.44,15,V,2.00,15,V,40.69,1,V,-16.44,15,A,1.31,15,V,0.38,15,V,4.19,15,V,0.00,12,V,0.00,12,V,6.69,12,V,6.69,12,V,268.94,12,A,,0,A,,0,V,,0,V,,0,V,15.13,15,V,47.8243233333,-53.6097616667,
217.8,3.10,2017-04-27T13:42:54,479.50,500.00,0.00,500.00,-19.44,15,V,1.56,15,V,0.44,15,V,2.00,15,V,40.69,15,A,-16.38,15,V,1.38,15,V,0.38,15,V,4.19,15,V,0.00,1,A,6.63,1,V,0.00,1,V,6.63,1,V,268.94,0,A,,0,V,,0,V,,0,V,,0,V,15.13,15,V,47.8242983333,-53.609785,
217.9,3.11,2017-04-27T13:42:56,479.25,500.00,0.00,500.00,0.56,15,A,1.56,15,V,-19.38,15,V,2.00,15,V,40.69,15,V,0.44,15,A,1.38,15,V,-16.38,15,V,4.19,15,V,0.00,12,A,0.00,12,V,6.63,12,V,6.63,12,V,269.00,0,V,,0,V,,0,V,,0,V,,0,V,15.13,15,V,47.8242733333,-53.6098116667,
217.6,3.09,2017-04-27T13:42:58,479.38,500.00,0.00,500.00,0.63,15,V,1.56,15,V,-19.38,15,V,2.00,15,V,40.63,15,V,0.56,15,V,1.38,15,V,-16.31,15,V,4.19,15,V,6.56,15,A,0.00,15,V,0.00,15,V,6.56,15,V,269.06,12,A,,0,V,,0,V,,0,V,,0,V,15.13,15,A,47.824235,-53.6098483333,
217.4,3.11,2017-04-27T13:43:01,479.25,500.00,0.00,500.00,2.06,15,A,1.56,15,V,0.69,15,V,-19.38,15,V,40.63,15,V,0.56,15,V,1.38,15,V,-16.31,15,V,4.19,15,V,0.00,1,A,6.56,1,V,0.00,1,V,6.56,1,V,269.06,12,V,1.06,3,A,1.31,3,V,1.13,3,V,-3.63,3,V,15.13,15,V,47.8242083333,-53.609875,
217.6,3.09,2017-04-27T13:43:03,479.31,500.00,0.00,500.00,2.19,15,V,1.56,15,V,0.69,15,V,-19.38,15,V,40.63,15,V,4.19,15,A,1.38,15,V,0.63,15,V,-16.31,15,V,0.00,13,A,0.00,13,V,6.50,13,V,6.50,13,V,269.06,12,A,1.06,3,V,1.31,3,V,1.13,3,V,-3.63,3,V,15.06,15,V,47.8241833333,-53.6099016667,
217.5,3.11,2017-04-27T13:43:05,479.13,500.00,0.00,500.00,2.19,15,V,1.56,15,V,0.75,15,V,-19.38,15,V,40.63,15,V,4.19,15,V,1.38,15,V,0.63,15,V,-16.31,15,V,0.00,13,V,0.00,13,V,6.50,13,V,6.50,13,V,269.06,12,V,1.06,3,V,1.31,3,V,1.13,3,V,-3.63,3,V,15.06,15,V,47.8241466667,-53.6099433333,
217.6,3.08,2017-04-27T13:43:08,479.31,500.00,0.00,500.00,2.31,15,A,1.56,15,V,0.75,15,V,-19.38,15,V,40.69,15,A,4.19,15,A,1.38,15,V,0.63,15,V,-16.31,15,V,0.00,1,A,6.50,1,V,0.00,1,V,6.50,1,V,269.19,1,A,1.06,3,V,1.31,3,V,1.13,3,V,-3.63,3,V,15.00,15,V,47.824125,-53.609975,
217.6,3.10,2017-04-27T13:43:10,479.44,500.00,0.00,500.00,2.31,15,V,1.56,15,V,0.75,15,V,-19.38,15,V,40.69,15,V,4.25,15,V,1.38,15,V,0.63,15,V,-16.31,15,V,0.00,13,A,0.00,13,V,6.50,13,V,6.50,13,V,269.25,1,V,,0,A,,0,V,,0,V,,0,V,15.06,15,A,47.824105,-53.610005,
217.7,3.09,2017-04-27T13:43:12,479.06,500.00,0.00,500.00,2.38,15,V,1.56,15,V,0.75,15,V,-19.38,15,V,40.69,15,V,4.25,15,V,1.38,15,V,0.63,15,V,-16.31,15,V,0.00,13,V,0.00,13,V,6.50,13,V,6.50,13,V,269.38,1,V,,0,V,,0,V,,0,V,,0,V,15.13,15,V,47.824075,-53.6100516667,
217.9,3.09,2017-04-27T13:43:15,479.06,500.00,0.00,500.00,2.38,15,V,1.56,15,V,0.75,15,V,-19.38,15,V,40.69,15,V,4.25,15,V,1.38,15,V,0.63,15,V,-16.31,15,V,0.00,13,V,0.00,13,V,6.50,13,V,6.50,13,V,269.56,12,A,,0,V,,0,V,,0,V,,0,V,15.13,15,V,47.824055,-53.61008,
218.2,3.08,2017-04-27T13:43:17,479.06,500.00,0.00,500.00,1.50,15,A,0.75,15,V,-19.56,15,V,2.38,15,V,40.63,15,A,-16.31,15,A,1.38,15,V,0.63,15,V,4.25,15,V,0.00,1,A,6.44,1,V,0.00,1,V,6.44,1,V,269.75,12,A,,0,V,,0,V,,0,V,,0,V,15.13,15,V,47.8240333333,-53.6101066667,
218.1,3.08,2017-04-27T13:43:19,479.00,500.00,0.00,500.00,1.50,15,V,0.75,15,V,-19.63,15,V,2.38,15,V,40.63,15,V,1.31,14,A,0.63,14,V,-16.31,14,V,4.25,14,V,6.50,15,A,0.00,15,V,0.00,15,V,6.50,15,V,269.75,12,V,,0,A,,0,V,,0,V,,0,V,15.19,15,V,47.82401,-53.61013,
218.4,3.08,2017-04-27T13:43:22,479.19,500.00,0.00,500.00,1.44,15,V,0.75,15,V,-19.63,15,V,2.38,15,V,40.63,15,V,1.31,14,V,0.63,14,V,-16.31,14,V,4.25,14,V,6.56,15,V,0.00,15,V,0.00,15,V,6.56,15,V,269.81,12,V,,0,V,,0,V,,0,V,,0,V,15.19,15,A,47.82398,-53.6101666667,
217.9,3.05,2017-04-27T13:43:24,479.06,500.00,0.00,500.00,1.44,15,V,0.75,15,V,-19.69,15,V,2.38,15,V,40.56,15,V,1.25,14,V,0.63,14,V,-16.31,14,V,4.25,14,V,0.00,1,A,6.56,1,V,0.00,1,V,6.56,1,V,269.75,12,A,,0,V,,0,V,,0,V,,0,V,15.19,15,V,47.8239583333,-53.6101916667,
218.3,3.06,2017-04-27T13:43:26,479.00,500.00,0.00,500.00,-19.56,15,A,1.44,15,V,0.75,15,V,2.38,15,V,40.56,15,V,-16.31,15,A,1.25,15,V,0.63,15,V,4.25,15,V,0.00,15,A,0.00,15,V,6.63,15,V,6.63,15,V,269.69,12,V,,0,V,,0,V,,0,V,,0,V,15.19,15,V,47.8239366667,-53.61022,
218.1,3.07,2017-04-27T13:43:29,478.88,500.00,0.00,500.00,-19.56,15,V,1.44,15,V,0.75,15,V,2.38,15,V,40.63,15,A,-16.31,15,V,1.25,15,V,0.63,15,V,4.25,15,V,0.00,15,V,0.00,15,V,6.63,15,V,6.63,15,V,269.50,12,A,,0,V,,0,V,,0,V,,0,V,15.19,15,V,47.8239033333,-53.6102566667,
218.3,3.05,2017-04-27T13:43:31,479.06,500.00,0.00,500.00,0.81,15,A,1.44,15,V,-19.50,15,V,2.38,15,V,40.63,15,V,-16.25,15,V,1.25,15,V,0.63,15,V,4.25,15,V,0.00,15,V,0.00,15,V,6.63,15,V,6.63,15,V,269.38,0,A,,0,A,,0,V,,0,V,,0,V,15.19,15,V,47.8238833333,-53.610285,
218.2,3.07,2017-04-27T13:43:33,479.06,500.00,0.00,500.00,0.94,15,V,1.44,15,V,-19.50,15,V,2.38,15,V,40.63,15,V,0.75,15,A,1.25,15,V,-16.25,15,V,4.25,15,V,0.00,15,A,0.00,15,V,6.69,15,V,6.69,15,V,269.25,12,A,,0,V,,0,V,,0,V,,0,V,15.19,15,A,47.82386,-53.6103133333,
218.4,3.05,2017-04-27T13:43:35,478.94,500.00,0.00,500.00,2.38,15,A,1.44,15,V,0.94,15,V,-19.50,15,V,40.63,15,V,0.81,15,V,1.25,15,V,-16.25,15,V,4.25,15,V,0.00,15,V,0.00,15,V,6.69,15,V,6.69,15,V,269.19,12,V,,0,V,,0,V,,0,V,,0,V,15.25,15,V,47.823825,-53.61035,
218.7,3.05,2017-04-27T13:43:38,479.00,500.00,0.00,500.00,2.31,15,V,1.44,15,V,0.94,15,V,-19.50,15,V,40.69,15,V,4.13,15,A,1.25,15,V,0.81,15,V,-16.25,15,V,0.00,15,V,0.00,15,V,6.75,15,V,6.75,15,V,269.13,12,V,,0,A,,0,V,,0,V,,0,V,15.25,15,V,47.8238133333,-53.61036,
219.1,3.06,2017-04-27T13:43:40,479.00,500.00,0.00,500.00,2.31,15,V,1.44,15,V,1.00,15,V,-19.50,15,V,40.63,15,A,4.00,15,V,1.25,15,V,0.88,15,V,-16.25,15,V,0.00,1,A,6.75,1,V,0.00,1,V,6.75,1,V,269.13,12,A,,0,V,,0,V,,0,V,,0,V,15.25,15,V,47.82378,-53.6103966667,
219.0,3.06,2017-04-27T13:43:42,478.81,500.00,0.00,500.00,2.38,15,A,1.44,15,V,1.00,15,V,-19.50,15,V,40.63,15,V,3.94,15,A,1.25,15,V,0.88,15,V,-16.25,15,V,0.00,15,A,0.00,15,V,6.75,15,V,6.75,15,V,269.25,12,A,,0,V,,0,V,,0,V,,0,V,15.25,15,V,47.823745,-53.6104333333,
219.4,3.05,2017-04-27T13:43:45,478.94,500.00,0.00,500.00,2.44,15,V,1.44,15,V,1.00,15,V,-19.50,15,V,40.63,15,V,3.94,15,V,1.25,15,V,0.88,15,V,-16.25,15,V,0.00,15,V,0.00,15,V,6.75,15,V,6.75,15,V,269.31,12,V,,0,V,,0,V,,0,V,,0,V,15.25,15,A,47.8237233333,-53.61046,
218.7,3.06,2017-04-27T13:43:47,478.81,500.00,0.00,500.00,2.44,15,V,1.44,15,V,1.00,15,V,-19.50,15,V,40.56,15,V,4.00,15,V,1.25,15,V,0.88,15,V,-16.25,15,V,0.00,15,V,0.00,15,V,6.75,15,V,6.75,15,V,269.38,12,A,,0,A,,0,V,,0,V,,0,V,15.25,15,V,47.8237,-53.610485,
219.0,3.05,2017-04-27T13:43:49,478.75,500.00,0.00,500.00,-19.50,15,A,1.44,15,V,1.00,15,V,2.44,15,V,40.56,15,A,4.00,15,V,1.25,15,V,0.88,15,V,-16.25,15,V,0.00,15,A,0.00,15,V,6.81,15,V,6.81,15,V,269.31,12,V,,0,A,,0,V,,0,V,,0,V,15.25,15,V,47.82368,-53.6105116667,
218.7,3.06,2017-04-27T13:43:52,478.81,500.00,0.00,500.00,1.44,15,A,1.00,15,V,-19.50,15,V,2.44,15,V,40.50,15,V,-16.06,15,A,1.25,15,V,0.88,15,V,4.00,15,V,0.00,15,V,0.00,15,V,6.81,15,V,6.81,15,V,269.19,12,V,1.81,1,A,1.13,1,V,-3.63,1,V,1.06,1,V,15.25,15,V,47.82365,-53.61055,
218.8,3.07,2017-04-27T13:43:54,478.69,500.00,0.00,500.00,1.44,15,V,1.00,15,V,-19.50,15,V,2.44,15,V,40.44,15,V,1.31,15,A,0.88,15,V,-16.00,15,V,4.00,15,V,0.00,1,A,6.81,1,V,0.00,1,V,6.81,1,V,269.25,12,A,1.81,1,V,1.13,1,V,-3.63,1,V,1.06,1,V,15.25,15,V,47.8236316667,-53.61058,
218.7,3.06,2017-04-27T13:43:56,478.69,500.00,0.00,500.00,1.44,15,V,1.00,15,V,-19.50,15,V,2.44,15,V,40.38,15,V,1.31,15,V,0.88,15,V,-15.94,15,V,4.00,15,V,0.00,15,A,0.00,15,V,6.81,15,V,6.81,15,V,269.44,0,A,1.81,1,V,1.13,1,V,-3.63,1,V,1.06,1,V,15.19,15,A,47.8236116667,-53.6106083333,
218.9,3.07,2017-04-27T13:43:59,478.69,500.00,0.00,500.00,1.44,15,V,1.00,15,V,-19.50,15,V,2.44,15,V,40.38,15,V,1.31,15,V,0.88,15,V,-15.94,15,V,4.00,15,V,0.00,15,V,0.00,15,V,6.81,15,V,6.81,15,V,269.38,8,A,-1.88,3,A,1.81,3,V,1.13,3,V,1.06,3,V,15.19,15,V,47.823575,-53.6106466667,
218.8,3.06,2017-04-27T13:44:01,478.56,500.00,0.00,500.00,-19.44,15,A,1.44,15,V,1.00,15,V,2.44,15,V,40.31,15,V,1.38,15,V,0.88,15,V,-15.88,15,V,4.00,15,V,1.00,1,A,6.81,1,V,0.00,1,V,6.81,1,V,269.25,8,V,-1.88,3,V,1.81,3,V,1.13,3,V,1.06,3,V,15.19,15,V,47.8235516667,-53.61067,
218.7,3.07,2017-04-27T13:44:03,478.50,500.00,0.00,500.00,-19.44,15,V,1.44,15,V,1.00,15,V,2.44,15,V,40.31,15,A,-15.81,15,A,1.38,15,V,0.88,15,V,4.00,15,V,6.81,15,A,0.00,15,V,1.00,15,V,6.81,15,V,269.13,8,A,-1.88,3,V,1.81,3,V,1.13,3,V,1.06,3,V,15.13,15,V,47.82351,-53.6107083333,
218.3,3.08,2017-04-27T13:44:06,478.44,500.00,0.00,500.00,0.69,15,A,1.44,15,V,-19.44,15,V,2.44,15,V,40.25,15,V,0.75,15,A,1.38,15,V,-15.75,15,V,4.00,15,V,0.00,0,A,1.00,0,V,6.81,0,V,6.81,0,V,269.06,0,A,-1.88,3,V,1.81,3,V,1.13,3,V,1.06,3,V,15.13,15,A,47.8234816667,-53.6107366667,
218.1,3.08,2017-04-27T13:44:08,478.38,500.00,0.00,500.00,0.63,15,V,1.44,15,V,-19.44,15,V,2.44,15,V,40.19,15,V,0.63,15,V,1.38,15,V,-15.75,15,V,4.00,15,V,1.00,0,A,6.81,0,V,0.00,0,V,6.81,0,V,269.06,0,V,-1.88,3,V,1.81,3,V,1.13,3,V,1.06,3,V,15.13,15,V,47.8234566667,-53.610765,
217.8,3.09,2017-04-27T13:44:10,478.44,500.00,0.00,500.00,2.25,15,A,1.44,15,V,0.56,15,V,-19.44,15,V,40.19,15,V,0.56,15,V,1.38,15,V,-15.75,15,V,4.00,15,V,0.00,1,A,6.81,1,V,0.00,1,V,6.81,1,V,269.06,8,A,,0,A,,0,V,,0,V,,0,V,15.13,15,V,47.8234333333,-53.6107966667,
217.5,3.08,2017-04-27T13:44:13,478.31,500.00,0.00,500.00,2.06,15,V,1.44,15,V,0.56,15,V,-19.44,15,V,40.19,15,A,4.00,15,A,1.38,15,V,0.56,15,V,-15.75,15,V,0.00,15,A,0.00,15,V,6.81,15,V,6.81,15,V,269.06,8,A,,0,V,,0,V,,0,V,,0,V,15.06,15,V,47.8234,-53.6108366667,
217.9,3.08,2017-04-27T13:44:15,478.31,500.00,0.00,500.00,2.00,15,A,1.44,15,V,0.50,15,V,-19.44,15,V,40.13,15,V,4.00,15,V,1.38,15,V,0.50,15,V,-15.75,15,V,6.81,15,A,0.00,15,V,0.00,15,V,6.81,15,V,269.00,8,V,,0,V,,0,V,,0,V,,0,V,15.06,15,V,47.8233766667,-53.6108633333,
217.6,3.08,2017-04-27T13:44:17,478.44,500.00,0.00,500.00,1.94,15,V,1.44,15,V,0.50,15,V,-19.44,15,V,40.13,15,V,4.00,15,V,1.38,15,V,0.50,15,V,-15.75,15,V,0.00,1,A,6.81,1,V,0.00,1,V,6.81,1,V,268.94,8,V,,0,A,,0,V,,0,V,,0,V,15.06,15,A,47.8233516667,-53.6108916667,
217.9,3.07,2017-04-27T13:44:20,478.25,500.00,0.00,500.00,1.94,15,V,1.44,15,V,0.50,15,V,-19.44,15,V,40.06,15,V,4.00,15,A,1.38,15,V,0.50,15,V,-15.75,15,V,0.00,15,A,0.00,15,V,6.75,15,V,6.75,15,V,269.00,0,A,,0,V,,0,V,,0,V,,0,V,15.06,15,V,47.823315,-53.610935,
217.5,3.08,2017-04-27T13:44:22,478.25,500.00,0.00,500.00,1.94,15,V,1.44,15,V,0.50,15,V,-19.44,15,V,40.06,15,V,4.00,15,V,1.38,15,V,0.50,15,V,-15.75,15,V,0.00,15,V,0.00,15,V,6.75,15,V,6.75,15,V,269.19,0,V,,0,V,,0,V,,0,V,,0,V,15.06,15,V,47.82329,-53.61096,
217.5,3.08,2017-04-27T13:44:24,478.19,500.00,0.00,500.00,-19.44,15,A,1.44,15,V,0.50,15,V,1.94,15,V,40.06,15,A,4.00,15,V,1.38,15,V,0.50,15,V,-15.75,15,V,0.00,15,V,0.00,15,V,6.75,15,V,6.75,15,V,269.25,8,A,,0,V,,0,V,,0,V,,0,V,15.06,15,V,47.8232666667,-53.61099,
217.4,3.08,2017-04-27T13:44:26,478.13,500.00,0.00,500.00,1.38,15,A,0.50,15,V,-19.44,15,V,1.94,15,V,40.06,15,V,-15.81,15,A,1.38,15,V,0.50,15,V,4.00,15,V,6.75,15,A,0.00,15,V,0.00,15,V,6.75,15,V,269.31,8,V,,0,V,,0,V,,0,V,,0,V,15.06,15,V,47.8232383333,-53.611035,
217.1,3.07,2017-04-27T13:44:29,478.19,500.00,0.00,500.00,1.38,15,V,0.50,15,V,-19.44,15,V,1.94,15,V,40.00,15,V,1.19,15,A,0.50,15,V,-15.81,15,V,4.00,15,V,0.00,15,A,0.00,15,V,6.75,15,V,6.75,15,V,269.31,8,A,,0,V,,0,V,,0,V,,0,V,15.06,15,A,47.82322,-53.6110633333,
216.8,3.09,2017-04-27T13:44:31,478.13,500.00,0.00,500.00,1.31,15,V,0.50,15,V,-19.44,15,V,1.94,15,V,40.00,15,V,1.13,15,V,0.50,15,V,-15.88,15,V,4.00,15,V,0.00,15,V,0.00,15,V,6.75,15,V,6.75,15,V,269.31,0,A,,0,V,,0,V,,0,V,,0,V,15.06,15,V,47.8232,-53.61109,
216.8,3.08,2017-04-27T13:44:33,478.19,500.00,0.00,500.00,1.31,15,V,0.50,15,V,-19.44,15,V,1.94,15,V,40.00,15,V,1.06,15,V,0.50,15,V,-15.88,15,V,4.00,15,V,0.00,1,A,6.75,1,V,0.00,1,V,6.75,1,V,269.31,8,A,-3.75,3,A,1.81,3,V,1.13,3,V,1.06,3,V,15.06,15,V,47.82317,-53.6111316667,
217.0,3.09,2017-04-27T13:44:36,478.13,500.00,0.00,500.00,-19.81,15,A,1.31,15,V,0.50,15,V,1.94,15,V,40.00,15,A,-15.94,15,A,1.00,15,V,0.50,15,V,4.00,15,V,0.00,0,A,0.00,0,V,6.75,0,V,6.75,0,V,269.31,8,V,1.13,0,A,2.88,0,V,-4.63,0,V,1.06,0,V,15.00,15,V,47.8231483333,-53.6111583333,
216.6,3.08,2017-04-27T13:44:38,478.13,500.00,0.00,500.00,0.56,15,A,1.31,15,V,-19.88,15,V,1.94,15,V,40.00,15,V,-16.06,15,V,0.94,15,V,0.50,15,V,4.00,15,V,0.00,0,A,6.75,0,V,0.00,0,V,6.75,0,V,269.31,8,A,1.13,0,V,2.88,0,V,-4.63,0,V,1.06,0,V,15.00,15,V,47.823125,-53.6111816667,
217.2,3.08,2017-04-27T13:44:40,478.00,500.00,0.00,500.00,0.56,15,V,1.31,15,V,-19.88,15,V,1.94,15,V,40.00,15,V,0.50,15,A,0.94,15,V,-16.19,15,V,4.00,15,V,0.00,1,A,6.75,1,V,0.00,1,V,6.75,1,V,269.38,8,V,1.13,0,V,2.88,0,V,-4.63,0,V,1.06,0,V,15.06,15,A,47.823095,-53.6112183333,
217.1,3.07,2017-04-27T13:44:43,478.19,500.00,0.00,500.00,0.63,15,V,1.31,15,V,-19.94,15,V,1.94,15,V,40.00,15,V,0.44,15,V,0.94,15,V,-16.19,15,V,4.00,15,V,0.00,1,V,6.75,1,V,0.00,1,V,6.75,1,V,269.44,7,A,1.13,0,V,2.88,0,V,-4.63,0,V,1.06,0,V,15.06,15,V,47.8230716667,-53.6112416667,
217.2,3.06,2017-04-27T13:44:45,478.13,500.00,0.00,500.00,1.94,15,A,1.31,15,V,0.63,15,V,-19.94,15,V,40.00,15,V,0.44,15,V,0.94,15,V,-16.25,15,V,4.00,15,V,0.00,14,A,0.00,14,V,6.75,14,V,6.75,14,V,269.56,0,V,,0,A,,0,V,,0,V,,0,V,15.06,15,V,47.8230516667,-53.611265,
217.3,3.08,2017-04-27T13:44:47,478.00,500.00,0.00,500.00,1.88,15,V,1.31,15,V,0.63,15,V,-19.94,15,V,39.94,15,A,3.94,15,A,0.94,15,V,0.44,15,V,-16.25,15,V,0.00,1,A,6.75,1,V,0.00,1,V,6.75,1,V,269.69,0,V,,0,V,,0,V,,0,V,,0,V,15.13,15,V,47.8230316667,-53.61129,
217.4,3.05,2017-04-27T13:44:50,478.19,500.00,0.00,500.00,1.81,15,A,1.31,15,V,0.63,15,V,-19.94,15,V,39.94,15,V,3.94,15,V,0.94,15,V,0.44,15,V,-16.25,15,V,6.75,15,A,0.00,15,V,0.00,15,V,6.75,15,V,269.69,8,A,,0,A,,0,V,,0,V,,0,V,15.13,15,V,47.8229983333,-53.6113266667,
217.8,3.07,2017-04-27T13:44:52,478.13,500.00,0.00,500.00,1.81,15,V,1.31,15,V,0.63,15,V,-19.94,15,V,39.94,15,V,3.94,15,A,0.94,15,V,0.44,15,V,-16.25,15,V,0.00,15,A,0.00,15,V,6.75,15,V,6.75,15,V,269.63,8,V,,0,A,,0,V,,0,V,,0,V,15.06,15,A,47.8229733333,-53.61135,
217.4,3.06,2017-04-27T13:44:54,478.06,500.00,0.00,500.00,1.81,15,V,1.31,15,V,0.63,15,V,-19.94,15,V,39.88,15,V,3.94,15,V,0.94,15,V,0.44,15,V,-16.25,15,V,0.00,1,A,6.75,1,V,0.00,1,V,6.75,1,V,269.63,8,A,,0,V,,0,V,,0,V,,0,V,15.06,15,V,47.8229483333,-53.6113716667,
217.5,3.07,2017-04-27T13:44:57,478.06,500.00,0.00,500.00,1.75,15,V,1.31,15,V,0.63,15,V,-19.94,15,V,39.88,15,V,3.94,15,V,0.94,15,V,0.44,15,V,-16.25,15,V,0.00,1,V,6.81,1,V,0.00,1,V,6.81,1,V,269.69,8,V,,0,V,,0,V,,0,V,,0,V,15.00,15,V,47.8229083333,-53.6114066667,
217.2,3.07,2017-04-27T13:44:59,478.00,500.00,0.00,500.00,-19.94,15,A,1.31,15,V,0.63,15,V,1.75,15,V,39.88,15,V,3.94,15,V,0.94,15,V,0.44,15,V,-16.25,15,V,0.00,15,A,0.00,15,V,6.81,15,V,6.81,15,V,269.69,12,A,,0,A,,0,V,,0,V,,0,V,15.00,15,V,47.8228866667,-53.6114283333,
217.5,3.07,2017-04-27T13:45:01,477.94,500.00,0.00,500.00,1.38,15,A,0.63,15,V,-19.94,15,V,1.75,15,V,39.81,15,A,-16.44,15,A,0.94,15,V,0.44,15,V,3.94,15,V,6.81,15,A,0.00,15,V,0.00,15,V,6.81,15,V,269.63,12,V,,0,A,,0,V,,0,V,,0,V,15.00,15,A,47.822865,-53.6114516667,
217.3,3.08,2017-04-27T13:45:04,477.88,500.00,0.00,500.00,1.44,15,V,0.63,15,V,-19.94,15,V,1.75,15,V,39.81,15,V,1.00,15,A,0.44,15,V,-16.50,15,V,3.94,15,V,0.00,1,A,6.88,1,V,0.00,1,V,6.88,1,V,269.63,12,V,,0,V,,0,V,,0,V,,0,V,15.00,15,V,47.8228316667,-53.6114833333,
217.8,3.08,2017-04-27T13:45:06,477.88,500.00,0.00,500.00,1.50,15,V,0.63,15,V,-19.94,15,V,1.75,15,V,39.81,15,V,1.19,15,V,0.44,15,V,-16.63,15,V,3.94,15,V,0.00,15,A,0.00,15,V,6.88,15,V,6.88,15,V,269.63,12,A,,0,V,,0,V,,0,V,,0,V,15.00,15,V,47.8228083333,-53.611505,
217.9,3.07,2017-04-27T13:45:08,477.69,500.00,0.00,500.00,-19.88,15,A,1.50,15,V,0.63,15,V,1.75,15,V,39.81,15,V,1.19,15,V,0.44,15,V,-16.63,15,V,3.94,15,V,0.00,15,V,0.00,15,V,6.88,15,V,6.88,15,V,269.75,2,A,,0,V,,0,V,,0,V,,0,V,15.00,15,V,47.822785,-53.6115233333,
217.9,3.05,2017-04-27T13:45:10,477.69,500.00,0.00,500.00,0.63,15,A,1.50,15,V,-19.81,15,V,1.75,15,V,39.75,15,A,-16.69,15,A,1.25,15,V,0.44,15,V,3.94,15,V,6.88,15,A,0.00,15,V,0.00,15,V,6.88,15,V,269.81,2,V,0.38,1,A,3.31,1,V,-5.50,1,V,1.06,1,V,15.00,15,V,47.8227616667,-53.611545,
218.0,3.06,2017-04-27T13:45:13,477.56,500.00,0.00,500.00,0.56,15,V,1.50,15,V,-19.81,15,V,1.75,15,V,39.75,15,V,-16.69,15,V,1.31,15,V,0.44,15,V,3.94,15,V,6.88,15,V,0.00,15,V,0.00,15,V,6.88,15,V,269.88,2,V,0.38,1,V,3.31,1,V,-5.50,1,V,1.06,1,V,15.00,15,A,47.8227283333,-53.6115766667,
218.0,3.06,2017-04-27T13:45:15,477.50,500.00,0.00,500.00,0.56,15,V,1.50,15,V,-19.75,15,V,1.75,15,V,39.75,15,V,-16.69,15,V,1.31,15,V,0.44,15,V,3.94,15,V,0.00,15,A,0.00,15,V,6.88,15,V,6.88,15,V,270.00,12,A,0.38,1,V,3.31,1,V,-5.50,1,V,1.06,1,V,15.00,15,V,47.8227066667,-53.6116016667,
217.9,3.07,2017-04-27T13:45:17,477.56,500.00,0.00,500.00,1.75,15,A,1.50,15,V,0.50,15,V,-19.75,15,V,39.69,15,V,0.63,15,A,1.31,15,V,-16.69,15,V,3.94,15,V,0.00,1,A,6.88,1,V,0.00,1,V,6.88,1,V,270.00,0,A,0.38,1,V,3.31,1,V,-5.50,1,V,1.06,1,V,15.00,15,V,47.8226716667,-53.6116433333,
218.1,3.07,2017-04-27T13:45:20,477.56,500.00,0.00,500.00,1.75,15,V,1.50,15,V,0.50,15,V,-19.75,15,V,39.69,15,V,0.75,15,V,1.31,15,V,-16.69,15,V,3.94,15,V,0.00,1,V,6.88,1,V,0.00,1,V,6.88,1,V,270.19,1,A,,0,A,,0,V,,0,V,,0,V,15.00,15,V,47.8226483333,-53.6116733333,
217.5,3.07,2017-04-27T13:45:22,477.38,500.00,0.00,500.00,1.75,15,V,1.50,15,V,0.50,15,V,-19.75,15,V,39.75,15,A,3.94,15,A,1.31,15,V,0.81,15,V,-16.69,15,V,6.88,15,A,0.00,15,V,0.00,15,V,6.88,15,V,270.25,1,V,,0,V,,0,V,,0,V,,0,V,15.00,15,V,47.822625,-53.6117,
218.4,3.07,2017-04-27T13:45:24,477.38,500.00,0.00,500.00,1.75,15,A,1.50,15,V,0.50,15,V,-19.75,15,V,39.81,15,V,4.00,15,V,1.31,15,V,0.81,15,V,-16.69,15,V,6.81,15,V,0.00,15,V,0.00,15,V,6.81,15,V,270.19,12,A,,0,V,,0,V,,0,V,,0,V,15.00,15,A,47.8226016667,-53.6117266667,
218.1,3.07,2017-04-27T13:45:27,477.38,500.00,0.00,500.00,1.81,15,V,1.50,15,V,0.50,15,V,-19.75,15,V,39.88,15,V,4.06,15,A,1.31,15,V,0.88,15,V,-16.69,15,V,0.00,1,A,6.81,1,V,0.00,1,V,6.81,1,V,270.06,12,V,,0,V,,0,V,,0,V,,0,V,15.00,15,V,47.82257,-53.6117666667,
218.8,3.07,2017-04-27T13:45:29,477.25,500.00,0.00,500.00,1.81,15,V,1.50,15,V,0.50,15,V,-19.75,15,V,39.88,15,V,4.06,15,V,1.31,15,V,0.88,15,V,-16.69,15,V,0.00,1,V,6.81,1,V,0.00,1,V,6.81,1,V,269.81,12,A,,0,A,,0,V,,0,V,,0,V,15.00,15,V,47.82255,-53.6117966667,
218.3,3.06,2017-04-27T13:45:31,477.25,500.00,0.00,500.00,1.88,15,V,1.50,15,V,0.50,15,V,-19.75,15,V,39.94,15,V,4.13,15,V,1.31,15,V,0.88,15,V,-16.69,15,V,0.00,15,A,0.00,15,V,6.81,15,V,6.81,15,V,269.75,0,A,,0,V,,0,V,,0,V,,0,V,15.00,15,V,47.8225283333,-53.6118283333,
219.0,3.06,2017-04-27T13:45:34,477.19,500.00,0.00,500.00,1.50,15,A,0.50,15,V,-19.75,15,V,1.88,15,V,40.00,15,A,4.19,15,V,1.31,15,V,0.88,15,V,-16.69,15,V,0.00,1,A,6.81,1,V,0.00,1,V,6.81,1,V,269.44,8,A,,0,V,,0,V,,0,V,,0,V,15.00,15,V,47.8225,-53.611875,
218.7,3.07,2017-04-27T13:45:36,477.25,500.00,0.00,500.00,1.50,15,V,0.50,15,V,-19.75,15,V,1.88,15,V,40.06,15,V,-16.56,15,A,1.31,15,V,0.88,15,V,4.19,15,V,0.00,1,V,6.81,1,V,0.00,1,V,6.81,1,V,269.38,8,V,,0,V,,0,V,,0,V,,0,V,15.00,15,A,47.8224783333,-53.611905,
218.5,3.06,2017-04-27T13:45:38,477.13,500.00,0.00,500.00,1.50,15,V,0.50,15,V,-19.75,15,V,1.88,15,V,40.06,15,V,1.38,15,A,0.88,15,V,-16.44,15,V,4.19,15,V,0.00,15,A,0.00,15,V,6.81,15,V,6.81,15,V,269.31,8,V,,0,V,,0,V,,0,V,,0,V,15.00,15,V,47.822455,-53.6119333333,
218.3,3.07,2017-04-27T13:45:41,477.19,500.00,0.00,500.00,1.50,15,V,0.50,15,V,-19.75,15,V,1.88,15,V,40.13,15,V,1.38,15,V,0.88,15,V,-16.38,15,V,4.19,15,V,0.00,1,A,6.81,1,V,0.00,1,V,6.81,1,V,269.25,8,A,,0,A,,0,V,,0,V,,0,V,15.00,15,V,47.8224316667,-53.6119566667,
218.1,3.08,2017-04-27T13:45:43,477.25,500.00,0.00,500.00,-19.63,15,A,1.50,15,V,0.50,15,V,1.88,15,V,40.13,15,V,1.38,15,V,0.88,15,V,-16.38,15,V,4.19,15,V,0.00,15,A,0.00,15,V,6.81,15,V,6.81,15,V,269.31,0,A,,0,V,,0,V,,0,V,,0,V,15.00,15,V,47.8223933333,-53.6119983333,
218.7,3.06,2017-04-27T13:45:45,477.56,500.00,0.00,500.00,-19.50,15,V,1.50,15,V,0.50,15,V,1.88,15,V,40.13,15,A,1.44,15,V,0.88,15,V,-16.31,15,V,4.19,15,V,6.88,15,A,0.00,15,V,0.00,15,V,6.88,15,V,269.50,8,A,,0,V,,0,V,,0,V,,0,V,15.00,15,V,47.8223683333,-53.612025,
218.5,3.07,2017-04-27T13:45:47,477.06,500.00,0.00,500.00,0.56,15,A,1.50,15,V,-19.44,15,V,1.88,15,V,40.13,15,V,-16.19,15,A,1.44,15,V,0.88,15,V,4.19,15,V,0.00,1,A,6.94,1,V,0.00,1,V,6.94,1,V,269.63,8,V,,0,V,,0,V,,0,V,,0,V,15.00,15,A,47.822345,-53.6120533333,
219.0,3.08,2017-04-27T13:45:50,477.13,500.00,0.00,500.00,0.56,15,V,1.50,15,V,-19.38,15,V,1.88,15,V,40.19,15,V,0.81,15,A,1.44,15,V,-16.00,15,V,4.19,15,V,0.00,1,V,6.94,1,V,0.00,1,V,6.94,1,V,269.69,8,A,1.69,3,A,3.31,3,V,0.38,3,V,-5.50,3,V,15.00,15,V,47.822315,-53.6120966667,
218.9,3.08,2017-04-27T13:45:52,477.00,500.00,0.00,500.00,1.94,12,A,1.50,12,V,0.63,12,V,-19.38,12,V,40.19,15,V,0.75,15,V,1.44,15,V,-15.94,15,V,4.19,15,V,0.00,15,A,0.00,15,V,7.00,15,V,7.00,15,V,269.69,8,V,1.69,3,V,3.31,3,V,0.38,3,V,-5.50,3,V,15.00,15,V,47.8222933333,-53.6121233333,
218.9,3.09,2017-04-27T13:45:54,477.13,500.00,0.00,500.00,1.94,12,V,1.50,12,V,0.63,12,V,-19.38,12,V,40.19,15,V,0.69,15,V,1.44,15,V,-15.94,15,V,4.19,15,V,0.00,15,V,0.00,15,V,7.00,15,V,7.00,15,V,269.69,8,V,1.69,3,V,3.31,3,V,0.38,3,V,-5.50,3,V,15.00,15,V,47.8222633333,-53.6121633333,
218.6,3.08,2017-04-27T13:45:57,477.00,500.00,0.00,500.00,1.94,15,A,1.50,15,V,0.63,15,V,-19.38,15,V,40.19,15,A,4.19,15,A,1.44,15,V,0.69,15,V,-15.88,15,V,0.00,1,A,7.06,1,V,0.00,1,V,7.06,1,V,269.81,0,A,1.69,3,V,3.31,3,V,0.38,3,V,-5.50,3,V,15.06,15,A,47.822245,-53.6121883333,
218.5,3.09,2017-04-27T13:45:59,476.75,500.00,0.00,500.00,1.94,15,V,1.50,15,V,0.63,15,V,-19.38,15,V,40.19,15,V,4.19,15,V,1.44,15,V,0.63,15,V,-15.88,15,V,0.00,15,A,0.00,15,V,7.06,15,V,7.06,15,V,269.81,8,A,,0,A,,0,V,,0,V,,0,V,15.06,15,V,47.822225,-53.6122133333,
218.1,3.08,2017-04-27T13:46:01,476.69,500.00,0.00,500.00,1.88,15,V,1.50,15,V,0.63,15,V,-19.38,15,V,40.19,15,V,4.19,15,V,1.44,15,V,0.63,15,V,-15.88,15,V,0.00,15,V,0.00,15,V,7.06,15,V,7.06,15,V,269.81,8,V,,0,V,,0,V,,0,V,,0,V,15.06,15,V,47.8222033333,-53.61224,
218.4,3.08,2017-04-27T13:46:04,476.56,500.00,0.00,500.00,1.88,15,V,1.50,15,V,0.63,15,V,-19.38,15,V,40.19,15,V,4.13,15,A,1.44,15,V,0.63,15,V,-15.88,15,V,0.00,1,A,7.06,1,V,0.00,1,V,7.06,1,V,269.75,8,V,,0,V,,0,V,,0,V,,0,V,15.13,15,V,47.8221716667,-53.6122783333,
218.2,3.10,2017-04-27T13:46:06,476.44,500.00,0.00,500.00,-19.56,15,A,1.50,15,V,0.63,15,V,1.88,15,V,40.19,15,V,4.13,15,V,1.44,15,V,0.63,15,V,-15.88,15,V,0.00,0,A,0.00,0,V,6.94,0,V,6.94,0,V,269.81,0,A,,0,V,,0,V,,0,V,,0,V,15.13,15,V,47.82215,-53.6123066667,
218.8,3.09,2017-04-27T13:46:08,476.44,500.00,0.00,500.00,1.44,15,A,0.63,15,V,-19.63,15,V,1.88,15,V,40.13,15,A,4.13,15,V,1.44,15,V,0.63,15,V,-15.88,15,V,0.00,0,V,0.00,0,V,6.94,0,V,6.94,0,V,269.81,0,V,,0,V,,0,V,,0,V,,0,V,15.13,15,V,47.82213,-53.6123333333,
219.1,3.09,2017-04-27T13:46:11,476.44,500.00,0.00,500.00,1.31,15,V,0.63,15,V,-19.69,15,V,1.88,15,V,40.06,15,V,-16.06,15,A,1.44,15,V,0.63,15,V,4.13,15,V,0.00,0,A,6.88,0,V,0.00,0,V,6.88,0,V,269.94,0,V,,0,V,,0,V,,0,V,,0,V,15.13,15,A,47.8221,-53.61237,
219.2,3.08,2017-04-27T13:46:13,476.19,500.00,0.00,500.00,1.31,15,V,0.63,15,V,-19.75,15,V,1.88,15,V,40.06,15,V,1.38,15,A,0.63,15,V,-16.19,15,V,4.13,15,V,0.00,15,A,0.00,15,V,6.88,15,V,269.94,8,A,,0,A,,0,V,,0,V,,0,V,15.13,15,V,47.8220783333,-53.6123966667,
219.5,3.09,2017-04-27T13:46:15,476.19,500.00,0.00,500.00,-19.75,15,A,1.25,15,V,0.63,15,V,1.88,15,V,40.06,15,V,1.25,15,V,0.63,15,V,-16.25,15,V,4.13,15,V,0.00,14,A,0.00,14,V,6.81,14,V,6.81,14,V,269.94,8,A,,0,V,,0,V,,0,V,,0,V,15.13,15,V,47.82206,-53.612425,
219.8,3.07,2017-04-27T13:46:17,476.13,500.00,0.00,500.00,-19.75,15,V,1.25,15,V,0.63,15,V,1.88,15,V,40.00,15,V,1.19,15,V,0.63,15,V,-16.25,15,V,4.13,15,V,6.75,15,A,0.00,15,V,0.00,15,V,6.75,15,V,269.94,8,V,,0,V,,0,V,,0,V,,0,V,15.13,15,V,47.82204,-53.6124516667,
219.7,3.08,2017-04-27T13:46:20,476.00,500.00,0.00,500.00,0.63,15,A,1.25,15,V,-19.75,15,V,1.88,15,V,40.00,15,A,1.13,15,V,0.63,15,V,-16.31,15,V,4.13,15,V,0.00,1,A,6.69,1,V,0.00,1,V,6.69,1,V,270.00,12,A,,0,V,,0,V,,0,V,,0,V,15.13,15,A,47.8220033333,-53.6124933333,
219.0,3.08,2017-04-27T13:46:22,475.94,500.00,0.00,500.00,0.69,15,V,1.25,15,V,-19.75,15,V,1.88,15,V,40.00,15,V,-16.31,15,A,1.06,15,V,0.63,15,V,4.13,15,V,0.00,12,A,0.00,12,V,6.69,12,V,6.69,12,V,270.06,12,V,,0,V,,0,V,,0,V,,0,V,15.13,15,V,47.8219816667,-53.6125183333,
219.2,3.08,2017-04-27T13:46:24,475.94,500.00,0.00,500.00,0.69,15,V,1.25,15,V,-19.75,15,V,1.88,15,V,40.00,15,V,-16.31,15,V,1.06,15,V,0.63,15,V,4.13,15,V,0.00,12,V,0.00,12,V,6.63,12,V,6.63,12,V,270.13,12,V,,0,V,,0,V,,0,V,,0,V,15.13,15,V,47.8219566667,-53.6125466667,
218.9,3.09,2017-04-27T13:46:27,475.75,500.00,0.00,500.00,2.06,15,A,1.25,15,V,0.69,15,V,-19.75,15,V,40.00,15,V,0.63,15,A,1.06,15,V,-16.31,15,V,4.13,15,V,0.00,12,V,0.00,12,V,6.63,12,V,6.63,12,V,270.13,12,A,,0,A,,0,V,,0,V,,0,V,15.13,15,V,47.8219233333,-53.6125833333,
218.7,3.08,2017-04-27T13:46:29,475.94,500.00,0.00,500.00,2.25,15,V,1.25,15,V,0.69,15,V,-19.75,15,V,40.00,15,A,0.69,15,V,1.06,15,V,-16.31,15,V,4.13,15,V,0.00,12,A,0.00,12,V,6.75,12,V,6.75,12,V,270.19,12,V,,0,V,,0,V,,0,V,,0,V,15.13,15,V,47.8218983333,-53.6126066667,
218.8,3.09,2017-04-27T13:46:31,475.75,500.00,0.00,500.00,2.13,15,A,1.25,15,V,0.69,15,V,-19.75,15,V,40.00,15,V,4.06,15,A,1.06,15,V,0.69,15,V,-16.31,15,V,0.00,12,V,0.00,12,V,6.75,12,V,6.75,12,V,270.19,0,A,,0,V,,0,V,,0,V,,0,V,15.06,15,A,47.8218733333,-53.6126316667,
